자치구,연도,외식_총매출,외식_청년매출,배달친화_청년매출,청년_배달친화_매출비중
강남구,2021,2962277304005,1139952832325,90887181907,0.0797
강남구,2022,3627224826324,1353367495233,100205258569,0.074
강남구,2023,3798004699272,1331496819034,95339281752,0.0716
강남구,2024,3670160421272,1209842100953,86320411062,0.0713
강남구,2025,3554209654831,1100470700807,73184147176,0.0665
강동구,2021,610588246302,210240134027,33806663492,0.1608
강동구,2022,709660110590,242239032252,34420593112,0.1421
강동구,2023,791229239152,253661645120,36722706202,0.1448
강동구,2024,808373274766,246810994244,33133912359,0.1342
강동구,2025,819169169923,241140334925,29416643892,0.122
강북구,2021,354596327661,133481321502,10719474618,0.0803
강북구,2022,439599156854,161295654640,10937936041,0.0678
강북구,2023,485129492404,167393669035,11128591477,0.0665
강북구,2024,482610504233,154075421888,9891070636,0.0642
강북구,2025,451434985117,138159126222,8471446626,0.0613
강서구,2021,617660421508,212131565595,24065856170,0.1134
강서구,2022,710198080598,242835781222,22612039212,0.0931
강서구,2023,763646657694,248197761511,22205763321,0.0895
강서구,2024,771523770143,240678356755,19777003943,0.0822
강서구,2025,758353076199,225134978565,17988005027,0.0799
관악구,2021,531617665112,273580069995,33322543437,0.1218
관악구,2022,656559047752,341184966818,33707649952,0.0988
관악구,2023,686772581849,339258538626,33647723045,0.0992
관악구,2024,658618928932,311024344258,28875624546,0.0928
관악구,2025,629617261856,284577578345,24775414555,0.0871
광진구,2021,595992479296,279490568059,30290189912,0.1084
광진구,2022,736490145580,346193847450,32871479829,0.095
광진구,2023,789268434095,353147008256,32936027805,0.0933
광진구,2024,778658028731,337697593152,27776116068,0.0823
광진구,2025,749362104075,314350887620,24716505191,0.0786
구로구,2021,558056347618,225465584962,29275514951,0.1298
구로구,2022,666399502188,261618018406,32778726739,0.1253
구로구,2023,718581158053,264006513550,33467621414,0.1268
구로구,2024,727011983282,256866410248,31564011705,0.1229
구로구,2025,711716983319,238179666094,28255351857,0.1186
금천구,2021,513127495152,184408325205,22788802891,0.1236
금천구,2022,579406926712,202605994371,23953341268,0.1182
금천구,2023,598304244841,196911021061,23688009832,0.1203
금천구,2024,588450256285,189508041254,22474105172,0.1186
금천구,2025,593482638427,187476992638,20100783854,0.1072
노원구,2021,503624903187,191014258969,22352727719,0.117
노원구,2022,586347609657,212853109855,22999999333,0.1081
노원구,2023,636232363859,218705675590,23865638040,0.1091
노원구,2024,617630328902,203234992756,21159851681,0.1041
노원구,2025,593173619416,186083614428,18312680815,0.0984
도봉구,2021,246390261947,69184216578,10009230547,0.1447
도봉구,2022,283231265072,77106265054,10021182746,0.13
도봉구,2023,300299471223,76131553815,9644549999,0.1267
도봉구,2024,303668560933,71906125756,8775257064,0.122
도봉구,2025,303930163013,66784842838,8054841755,0.1206
동대문구,2021,471192161999,168272799898,15948745544,0.0948
동대문구,2022,555862696774,198488611115,16520642474,0.0832
동대문구,2023,612670861465,206211880519,18214289868,0.0883
동대문구,2024,616063234009,195328152594,16587437792,0.0849
동대문구,2025,609569544166,183713834135,15811242174,0.0861
동작구,2021,553970062138,238293281269,34530360038,0.1449
동작구,2022,682210038687,287522408856,34679729043,0.1206
동작구,2023,755814497972,305538935815,34102177017,0.1116
동작구,2024,750024918848,295011450146,30873727049,0.1047
동작구,2025,742079061996,278241148579,26639908426,0.0957
마포구,2021,1237866853013,640881823594,47311287182,0.0738
마포구,2022,1593757468308,841983100027,55083979930,0.0654
마포구,2023,1694472799465,876936436419,57952348106,0.0661
마포구,2024,1680621401343,862006745749,51944447156,0.0603
마포구,2025,1632379278847,811759204515,46919375643,0.0578
서대문구,2021,421450065001,193027865097,22375944864,0.1159
서대문구,2022,526783839372,244770870784,25434287369,0.1039
서대문구,2023,580054141379,261088292371,30039828983,0.1151
서대문구,2024,562462363213,246137790737,25792449272,0.1048
서대문구,2025,538891588673,226495103663,22559255643,0.0996
서초구,2021,1564306136193,590829276238,51569889439,0.0873
서초구,2022,1951889787924,732496946592,59233083173,0.0809
서초구,2023,2114443018118,750875322508,59100444453,0.0787
서초구,2024,2117789158308,722628141070,54316720796,0.0752
서초구,2025,2085986086164,679979778750,48819769243,0.0718
성동구,2021,485885142453,209133254599,19168917448,0.0917
성동구,2022,594837025319,255764604127,21705203829,0.0849
성동구,2023,653422940595,270155569476,22388428672,0.0829
성동구,2024,665900821709,269629458734,19609312324,0.0727
성동구,2025,650004433252,250014576496,17946247317,0.0718
성북구,2021,430062137768,172234994802,21530180810,0.125
성북구,2022,532410527681,209663863926,21724210743,0.1036
성북구,2023,572586734014,215294212507,21018021642,0.0976
성북구,2024,573398593543,211151583372,20365653755,0.0965
성북구,2025,561289040302,201587655116,19380139281,0.0961
송파구,2021,1342739941553,554779744905,66702415923,0.1202
송파구,2022,1627099485088,672854223970,66019439253,0.0981
송파구,2023,1781191550948,712978355341,72725464827,0.102
송파구,2024,1899247635252,770821213742,88609490431,0.115
송파구,2025,1910837310253,745035512790,80836567108,0.1085
양천구,2021,372359258946,117596931185,18830503983,0.1601
양천구,2022,431187199452,133561609679,19034064521,0.1425
양천구,2023,458793564720,130063669173,16842491950,0.1295
양천구,2024,456429700968,121978366286,15069807034,0.1235
양천구,2025,436105666625,109028530041,12431000664,0.114
영등포구,2021,1269055881629,471054802729,44154437564,0.0937
영등포구,2022,1535557698249,561436081397,47001077308,0.0837
영등포구,2023,1703870643148,579124676306,49317338536,0.0852
영등포구,2024,1709364378700,567610069149,47185560485,0.0831
영등포구,2025,1669536927312,529136811783,38933141986,0.0736
용산구,2021,846862334322,432584806386,26439274219,0.0611
용산구,2022,1181515507340,636617968600,41293743998,0.0649
용산구,2023,1197528893313,600302329736,45173428731,0.0753
용산구,2024,1237281319050,617925975020,44708640933,0.0724
용산구,2025,1261438660860,629731226329,39698878470,0.063
은평구,2021,382040504798,132638101505,17587464275,0.1326
은평구,2022,440187732836,155045095113,15782204851,0.1018
은평구,2023,481249391483,158298731783,15207224854,0.0961
은평구,2024,483124688612,146916031042,14819840866,0.1009
은평구,2025,473193687132,135828375260,13249741451,0.0975
종로구,2021,1449378142894,594214025311,57958713279,0.0975
종로구,2022,1901022999460,754332092577,72330528908,0.0959
종로구,2023,2152811638860,804611688763,71841327367,0.0893
종로구,2024,2154006582778,790923659534,63812932178,0.0807
종로구,2025,2145097668752,764200816216,54745808189,0.0716
중구,2021,1765598453738,619897548354,66846572111,0.1078
중구,2022,2238526761840,757831967902,75625115634,0.0998
중구,2023,2509536758020,784832854913,76975605388,0.0981
중구,2024,2659382190825,792034867583,69602570108,0.0879
중구,2025,2719420095165,752382514243,62959197222,0.0837
중랑구,2021,361391755891,120664412265,9284715831,0.0769
중랑구,2022,433741182481,143510687633,9749659006,0.0679
중랑구,2023,470286388660,146284790828,9896703359,0.0677
중랑구,2024,469816911977,143528522871,9001730361,0.0627
중랑구,2025,476491005930,142420237309,12930133141,0.0908
